,date,subreddit,username,ticker,text,sentiment
0,2020-07-06,securityanalysis,user0,$FB,$FB is going up,0
1,2020-09-04,stockmarket,user1,$FB,$FB is going up,1
2,2020-05-27,robinhood,user2,$NFLX,$NFLX to the moon,1
3,2020-07-21,stockmarket,user3,$GOOG,$GOOG is amazing value,0
4,2020-09-21,wallstreetbets,user4,$FB,$FB is going down,1
5,2020-02-15,robinhood,user5,$AAPL,$AAPL is overpriced,0
6,2020-07-03,wallstreetbets,user6,$GOOG,$GOOG to 0,0
7,2020-08-20,stocks,user7,$NFLX,$NFLX is going down,0
8,2020-01-17,robinhood,user8,$NFLX,$NFLX is going up,0
9,2020-01-10,stocks,user9,$MSFT,$MSFT is going down,0
10,2020-03-07,robinhood,user10,$NFLX,$NFLX to 0,1
11,2020-03-11,robinhood,user11,$NFLX,$NFLX to the moon,0
12,2020-09-02,investing,user12,$GOOG,$GOOG is going down,0
13,2020-02-09,investing,user13,$FB,$FB is going up,0
14,2020-04-08,stockmarket,user14,$NFLX,$NFLX is amazing value,0
15,2020-07-31,stockmarket,user15,$GOOG,$GOOG is going down,1
16,2020-04-06,securityanalysis,user16,$AAPL,$AAPL is going down,0
17,2020-02-01,stocks,user17,$FB,$FB is amazing value,1
18,2020-11-16,stocks,user18,$NFLX,$NFLX is amazing value,1
19,2020-07-12,securityanalysis,user19,$NFLX,$NFLX is overpriced,1
20,2020-09-10,stocks,user20,$MSFT,$MSFT is going down,1
21,2020-06-26,stocks,user21,$FB,$FB is going down,1
22,2020-02-25,securityanalysis,user22,$MSFT,$MSFT is going down,0
23,2020-09-07,wallstreetbets,user23,$NFLX,$NFLX is amazing value,1
24,2020-01-17,stockmarket,user24,$AAPL,$AAPL to the moon,0
25,2020-07-31,wallstreetbets,user25,$AAPL,$AAPL is amazing value,0
26,2020-07-27,stocks,user26,$GOOG,$GOOG is going up,0
27,2020-09-04,investing,user27,$MSFT,$MSFT to 0,1
28,2020-05-29,investing,user28,$AAPL,$AAPL to the moon,1
29,2020-11-05,securityanalysis,user29,$AAPL,$AAPL is going up,0
30,2020-10-13,securityanalysis,user30,$AAPL,$AAPL to 0,0
31,2020-02-01,investing,user31,$NFLX,$NFLX is amazing value,0
32,2020-04-24,wallstreetbets,user32,$NFLX,$NFLX to the moon,1
33,2020-09-05,wallstreetbets,user33,$MSFT,$MSFT to 0,0
34,2020-01-15,stocks,user34,$GOOG,$GOOG is amazing value,1
35,2020-12-27,stocks,user35,$NFLX,$NFLX is amazing value,0
36,2020-06-30,robinhood,user36,$GOOG,$GOOG to 0,0
37,2020-04-08,wallstreetbets,user37,$FB,$FB is going down,0
38,2020-03-13,robinhood,user38,$AAPL,$AAPL is going up,0
39,2020-04-12,stockmarket,user39,$FB,$FB is going down,0
40,2020-03-02,wallstreetbets,user40,$FB,$FB is overpriced,1
41,2020-09-10,stocks,user41,$MSFT,$MSFT is going up,0
42,2020-02-19,wallstreetbets,user42,$FB,$FB is overpriced,1
43,2020-03-01,wallstreetbets,user43,$MSFT,$MSFT to 0,1
44,2020-12-03,investing,user44,$GOOG,$GOOG is amazing value,1
45,2020-08-15,stockmarket,user45,$AAPL,$AAPL is overpriced,0
46,2020-05-03,robinhood,user46,$GOOG,$GOOG is going down,0
47,2020-08-08,wallstreetbets,user47,$FB,$FB is overpriced,0
48,2020-07-11,securityanalysis,user48,$MSFT,$MSFT is overpriced,0
49,2020-01-15,robinhood,user49,$GOOG,$GOOG to the moon,0
